2022_TopoOpt_Co-optimizing_Network_Topology_and_Parallelization_Strategy_for_Distribu_ed104aea1ebf.pdf	https://arxiv.org/pdf/2202.00433
2022_Pond_CXL-Based_Memory_Pooling_Systems_for_Cloud_Platforms_54ea64e35632.pdf	https://arxiv.org/pdf/2203.00241
2023_DxPU_Large-scale_Disaggregated_GPU_Pools_in_the_Datacenter_0d1c8d05c1ab.pdf	https://arxiv.org/pdf/2310.04648
2024_Shared_Virtual_Memory_Its_Design_and_Performance_Implications_for_Diverse_Applic_f02bacbcfec7.pdf	https://arxiv.org/pdf/2405.06811
2026_A_Programming_Model_for_Disaggregated_Memory_over_CXL_118f714683bc.pdf	https://arxiv.org/pdf/2407.16300
2024_Exploring_GPU-to-GPU_Communication_Insights_into_Supercomputer_Interconnects_51891a30dfb3.pdf	https://arxiv.org/pdf/2408.14090
2024_IANUS_Integrated_Accelerator_based_on_NPU-PIM_Unified_Memory_System_660ab3f91405.pdf	https://arxiv.org/pdf/2410.15008
2025_PIM_Is_All_You_Need_A_CXL-Enabled_GPU-Free_System_for_Large_Language_Model_Infer_4207736487f2.pdf	https://arxiv.org/pdf/2502.07578
2025_Serving_Large_Language_Models_on_Huawei_CloudMatrix384_1fc88b9a8c2f.pdf	https://arxiv.org/pdf/2506.12708
2025_Huawei_Cloud_Model-as-a-Service_on_the_CloudMatrix384_SuperPod_71b1df57d522.pdf	https://arxiv.org/pdf/2508.02520
2025_Dissecting_CPU-GPU_Unified_Physical_Memory_on_AMD_MI300A_APUs_12ffacee057f.pdf	https://arxiv.org/pdf/2508.12743
2026_HyperOffload_Graph-Driven_Hierarchical_Memory_Management_for_Large_Language_Mode_9b6ec680e143.pdf	https://arxiv.org/pdf/2602.00748
2026_HyperParallel_A_Supernode-Affinity_AI_Framework_9fa196b2a71f.pdf	https://arxiv.org/pdf/2603.03731
2026_DWDP_Distributed_Weight_Data_Parallelism_for_High-Performance_LLM_Inference_on_N_5d5b31b328dd.pdf	https://arxiv.org/pdf/2604.01621
2026_C2CServe_Leveraging_NVLink-C2C_for_Elastic_Serverless_LLM_Serving_on_MIG_8ac864e25213.pdf	https://arxiv.org/pdf/2605.19481
2026_UBEP_Re-architecting_Expert_Parallelism_Communication_Library_for_Production_Sup_3c18a15df0ad.pdf	https://arxiv.org/pdf/2607.06202
2026_SLAI_T-Rex_Full-Parameter_Post-training_of_the_DeepSeek-V4_Family_on_Ascend_Supe_b520bc2a882e.pdf	https://arxiv.org/pdf/2607.20145
2026_StrataCL_Fabric-Native_Communication_Library_for_Production_Supernodes_1d7b880d7176.pdf	https://arxiv.org/pdf/2607.26444
2026_Understanding_the_Synchronization_Tax_in_GPU_Scale-Up_Domains_b4e5f8134e40.pdf	https://arxiv.org/pdf/2608.22503
